[{"name":"General Options","settings":[{"type":"header","content":"Logo and icon settings"},{"type":"checkbox","id":"use_logo","label":"Use custom logo"},{"type":"image","id":"logo.png"},{"type":"checkbox","id":"use_favicon","label":"Use custom icon (16px x 16px)"},{"type":"image","id":"favicon.png","max-width":16,"max-height":16},{"type":"header","content":"Slogan"},{"type":"checkbox","id":"use_slogan","label":"Show?"},{"type":"text","id":"slogan"},{"type":"header","content":"Top link list"},{"type":"checkbox","id":"show_top_linklist_on_header","label":"Show top navigation?"},{"type":"link_list","id":"header_top_linklist","label":"Link list to show"},{"type":"header","content":"Primary link list"},{"type":"checkbox","id":"show_linklist_on_header","label":"Show primary navigation?"},{"type":"link_list","id":"header_linklist","label":"Link list to show"},{"type":"header","content":"Secondary link list"},{"type":"checkbox","id":"show_secondary_linklist_on_header","label":"Show secondar navigation?"},{"type":"link_list","id":"header_secondary_linklist","label":"Link list to show"},{"type":"header","content":"Social Links"},{"type":"checkbox","id":"show_social_on_header","label":"Show social links?"},{"type":"text","id":"facebook_link","label":"Facebook"},{"type":"text","id":"youtube_link","label":"Youtube Link"},{"type":"text","id":"twitter_link","label":"Twitter"},{"type":"text","id":"instagram_link","label":"Instagram Link"}]},{"name":"Homepage","settings":[{"type":"header","content":"Carousel"},{"type":"paragraph","content":"Recommended dimensions of all carousel images:"},{"type":"paragraph","content":"Image - 1545px wide x 663px tall"},{"type":"paragraph","content":"Image2x - 3090px wide x 1326px tall"},{"type":"paragraph","content":"Leave the \"Link to\" field empty for no link."},{"type":"checkbox","id":"show_carousel","label":"Show carousel?"},{"type":"checkbox","id":"show_carousel_dots","label":"Show dots for slides?"},{"type":"paragraph","content":"Slide #1"},{"type":"checkbox","id":"show_carousel_item_1","label":"Show?","default":true},{"type":"select","id":"carousel_item_1_order","label":"Order","options":[{"value":"1","label":"1"},{"value":"2","label":"2"},{"value":"3","label":"3"},{"value":"4","label":"4"},{"value":"5","label":"5"},{"value":"6","label":"6"},{"value":"7","label":"7"},{"value":"8","label":"8"},{"value":"9","label":"9"},{"value":"10","label":"10"}],"default":"1"},{"type":"image","id":"carousel-item-1.jpg","label":"Image","max-width":1545,"max-height":663},{"type":"image","id":"carousel-item-1-2x.jpg","label":"Image2x","max-width":3090,"max-height":1326},{"type":"checkbox","id":"show_carousel_item_1_video","label":"Show video?"},{"type":"text","id":"carousel_item_1_video_link","label":"Video link"},{"type":"text","id":"carousel_item_1_link_text","label":"Link text","default":"Learn more"},{"type":"text","id":"carousel_item_1_link","label":"Link to"},{"type":"text","id":"carousel_item_1_alt","label":"Text"},{"type":"paragraph","content":"Slide #2"},{"type":"checkbox","id":"show_carousel_item_2","label":"Show?","default":true},{"type":"select","id":"carousel_item_2_order","label":"Order","options":[{"value":"1","label":"1"},{"value":"2","label":"2"},{"value":"3","label":"3"},{"value":"4","label":"4"},{"value":"5","label":"5"},{"value":"6","label":"6"},{"value":"7","label":"7"},{"value":"8","label":"8"},{"value":"9","label":"9"},{"value":"10","label":"10"}],"default":"1"},{"type":"image","id":"carousel-item-2.jpg","label":"Image","max-width":1545,"max-height":663},{"type":"image","id":"carousel-item-2-2x.jpg","label":"Image2x","max-width":3090,"max-height":1326},{"type":"checkbox","id":"show_carousel_item_2_video","label":"Show video?"},{"type":"text","id":"carousel_item_2_video_link","label":"Video link"},{"type":"text","id":"carousel_item_2_link_text","label":"Link text","default":"Learn more"},{"type":"text","id":"carousel_item_2_link","label":"Link to"},{"type":"text","id":"carousel_item_2_alt","label":"Text"},{"type":"paragraph","content":"Slide #3"},{"type":"checkbox","id":"show_carousel_item_3","label":"Show?","default":true},{"type":"select","id":"carousel_item_3_order","label":"Order","options":[{"value":"1","label":"1"},{"value":"2","label":"2"},{"value":"3","label":"3"},{"value":"4","label":"4"},{"value":"5","label":"5"},{"value":"6","label":"6"},{"value":"7","label":"7"},{"value":"8","label":"8"},{"value":"9","label":"9"},{"value":"10","label":"10"}],"default":"1"},{"type":"image","id":"carousel-item-3.jpg","label":"Image","max-width":1545,"max-height":663},{"type":"image","id":"carousel-item-3-2x.jpg","label":"Image2x","max-width":3090,"max-height":1326},{"type":"checkbox","id":"show_carousel_item_3_video","label":"Show video?"},{"type":"text","id":"carousel_item_3_video_link","label":"Video link"},{"type":"text","id":"carousel_item_3_link_text","label":"Link text","default":"Learn more"},{"type":"text","id":"carousel_item_3_link","label":"Link to"},{"type":"text","id":"carousel_item_3_alt","label":"Text"},{"type":"paragraph","content":"Slide #4"},{"type":"checkbox","id":"show_carousel_item_4","label":"Show?"},{"type":"select","id":"carousel_item_4_order","label":"Order","options":[{"value":"1","label":"1"},{"value":"2","label":"2"},{"value":"3","label":"3"},{"value":"4","label":"4"},{"value":"5","label":"5"},{"value":"6","label":"6"},{"value":"7","label":"7"},{"value":"8","label":"8"},{"value":"9","label":"9"},{"value":"10","label":"10"}],"default":"1"},{"type":"image","id":"carousel-item-4.jpg","label":"Image","max-width":1545,"max-height":663},{"type":"image","id":"carousel-item-4-2x.jpg","label":"Image2x","max-width":3090,"max-height":1326},{"type":"checkbox","id":"show_carousel_item_4_video","label":"Show video?"},{"type":"text","id":"carousel_item_4_video_link","label":"Video link"},{"type":"text","id":"carousel_item_4_link_text","label":"Link text","default":"Learn more"},{"type":"text","id":"carousel_item_4_link","label":"Link to"},{"type":"text","id":"carousel_item_4_alt","label":"Text"},{"type":"paragraph","content":"Slide #5"},{"type":"checkbox","id":"show_carousel_item_5","label":"Show?"},{"type":"select","id":"carousel_item_5_order","label":"Order","options":[{"value":"1","label":"1"},{"value":"2","label":"2"},{"value":"3","label":"3"},{"value":"4","label":"4"},{"value":"5","label":"5"},{"value":"6","label":"6"},{"value":"7","label":"7"},{"value":"8","label":"8"},{"value":"9","label":"9"},{"value":"10","label":"10"}],"default":"1"},{"type":"image","id":"carousel-item-5.jpg","label":"Image","max-width":1545,"max-height":663},{"type":"image","id":"carousel-item-5-2x.jpg","label":"Image2x","max-width":3090,"max-height":1326},{"type":"checkbox","id":"show_carousel_item_5_video","label":"Show video?"},{"type":"text","id":"carousel_item_5_video_link","label":"Video link"},{"type":"text","id":"carousel_item_5_link_text","label":"Link text","default":"Learn more"},{"type":"text","id":"carousel_item_5_link","label":"Link to"},{"type":"text","id":"carousel_item_5_alt","label":"Text"},{"type":"paragraph","content":"Slide #6"},{"type":"checkbox","id":"show_carousel_item_6","label":"Show?","default":true},{"type":"select","id":"carousel_item_6_order","label":"Order","options":[{"value":"1","label":"1"},{"value":"2","label":"2"},{"value":"3","label":"3"},{"value":"4","label":"4"},{"value":"5","label":"5"},{"value":"6","label":"6"},{"value":"7","label":"7"},{"value":"8","label":"8"},{"value":"9","label":"9"},{"value":"10","label":"10"}],"default":"1"},{"type":"image","id":"carousel-item-6.jpg","label":"Image","max-width":1545,"max-height":663},{"type":"image","id":"carousel-item-6-2x.jpg","label":"Image2x","max-width":3090,"max-height":1326},{"type":"checkbox","id":"show_carousel_item_6_video","label":"Show video?"},{"type":"text","id":"carousel_item_6_video_link","label":"Video link"},{"type":"text","id":"carousel_item_6_link_text","label":"Link text","default":"Learn more"},{"type":"text","id":"carousel_item_6_link","label":"Link to"},{"type":"text","id":"carousel_item_6_alt","label":"Text"},{"type":"paragraph","content":"Slide #7"},{"type":"checkbox","id":"show_carousel_item_7","label":"Show?","default":true},{"type":"select","id":"carousel_item_7_order","label":"Order","options":[{"value":"1","label":"1"},{"value":"2","label":"2"},{"value":"3","label":"3"},{"value":"4","label":"4"},{"value":"5","label":"5"},{"value":"6","label":"6"},{"value":"7","label":"7"},{"value":"8","label":"8"},{"value":"9","label":"9"},{"value":"10","label":"10"}],"default":"1"},{"type":"image","id":"carousel-item-7.jpg","label":"Image","max-width":1545,"max-height":663},{"type":"image","id":"carousel-item-7-2x.jpg","label":"Image2x","max-width":3090,"max-height":1326},{"type":"checkbox","id":"show_carousel_item_7_video","label":"Show video?"},{"type":"text","id":"carousel_item_7_video_link","label":"Video link"},{"type":"text","id":"carousel_item_7_link_text","label":"Link text","default":"Learn more"},{"type":"text","id":"carousel_item_7_link","label":"Link to"},{"type":"text","id":"carousel_item_7_alt","label":"Text"},{"type":"paragraph","content":"Slide #8"},{"type":"checkbox","id":"show_carousel_item_8","label":"Show?","default":true},{"type":"select","id":"carousel_item_8_order","label":"Order","options":[{"value":"1","label":"1"},{"value":"2","label":"2"},{"value":"3","label":"3"},{"value":"4","label":"4"},{"value":"5","label":"5"},{"value":"6","label":"6"},{"value":"7","label":"7"},{"value":"8","label":"8"},{"value":"9","label":"9"},{"value":"10","label":"10"}],"default":"1"},{"type":"image","id":"carousel-item-8.jpg","label":"Image","max-width":1545,"max-height":663},{"type":"image","id":"carousel-item-8-2x.jpg","label":"Image2x","max-width":3090,"max-height":1326},{"type":"checkbox","id":"show_carousel_item_8_video","label":"Show video?"},{"type":"text","id":"carousel_item_8_video_link","label":"Video link"},{"type":"text","id":"carousel_item_8_link_text","label":"Link text","default":"Learn more"},{"type":"text","id":"carousel_item_8_link","label":"Link to"},{"type":"text","id":"carousel_item_8_alt","label":"Text"},{"type":"paragraph","content":"Slide #9"},{"type":"checkbox","id":"show_carousel_item_9","label":"Show?"},{"type":"select","id":"carousel_item_9_order","label":"Order","options":[{"value":"1","label":"1"},{"value":"2","label":"2"},{"value":"3","label":"3"},{"value":"4","label":"4"},{"value":"5","label":"5"},{"value":"6","label":"6"},{"value":"7","label":"7"},{"value":"8","label":"8"},{"value":"9","label":"9"},{"value":"10","label":"10"}],"default":"1"},{"type":"image","id":"carousel-item-9.jpg","label":"Image","max-width":1545,"max-height":663},{"type":"image","id":"carousel-item-9-2x.jpg","label":"Image2x","max-width":3090,"max-height":1326},{"type":"checkbox","id":"show_carousel_item_9_video","label":"Show video?"},{"type":"text","id":"carousel_item_9_video_link","label":"Video link"},{"type":"text","id":"carousel_item_9_link_text","label":"Link text","default":"Learn more"},{"type":"text","id":"carousel_item_9_link","label":"Link to"},{"type":"text","id":"carousel_item_9_alt","label":"Text"},{"type":"paragraph","content":"Slide #10"},{"type":"checkbox","id":"show_carousel_item_10","label":"Show?"},{"type":"select","id":"carousel_item_10_order","label":"Order","options":[{"value":"1","label":"1"},{"value":"2","label":"2"},{"value":"3","label":"3"},{"value":"4","label":"4"},{"value":"5","label":"5"},{"value":"6","label":"6"},{"value":"7","label":"7"},{"value":"8","label":"8"},{"value":"9","label":"9"},{"value":"10","label":"10"}],"default":"1"},{"type":"image","id":"carousel-item-10.jpg","label":"Image","max-width":1545,"max-height":663},{"type":"image","id":"carousel-item-10-2x.jpg","label":"Image2x","max-width":3090,"max-height":1326},{"type":"checkbox","id":"show_carousel_item_10_video","label":"Show video?"},{"type":"text","id":"carousel_item_10_video_link","label":"Video link"},{"type":"text","id":"carousel_item_10_link_text","label":"Link text","default":"Learn more"},{"type":"text","id":"carousel_item_10_link","label":"Link to"},{"type":"text","id":"carousel_item_10_alt","label":"Text"},{"type":"header","content":"Featured Product"},{"type":"checkbox","id":"show_featured_product_on_homepage","label":"Show featured product?"},{"type":"text","id":"featured_product_header","label":"Header:","default":"New!"},{"type":"collection","id":"home_featured_product_collection","label":"Collection to use for featured product:"},{"type":"header","content":"Featured Products"},{"type":"checkbox","id":"show_featured_products_on_homepage","label":"Show featured products?"},{"type":"link_list","id":"home_featured_collection","label":"Linklist to use for featured products:"},{"type":"select","id":"home_products_limit","label":"Maximum number of items to show:","options":[{"value":"3","label":"3"},{"value":"6","label":"6"},{"value":"9","label":"9"}],"default":"6"},{"type":"header","content":"Featured blocks"},{"type":"paragraph","content":"Recommended dimensions of all block images:"},{"type":"paragraph","content":"Image - 877px wide x 527px tall"},{"type":"paragraph","content":"Image2x - 1754px wide x 1054px tall"},{"type":"paragraph","content":"Leave the \"Link to\" field empty for no link."},{"type":"checkbox","id":"show_featured_blocks","label":"Show blocks?"},{"type":"paragraph","content":"Block #1"},{"type":"checkbox","id":"show_block_item_1","label":"Show?","default":true},{"type":"image","id":"block-item-1.jpg","label":"Image","max-width":877,"max-height":527},{"type":"image","id":"block-item-1-2x.jpg","label":"Image2x","max-width":1754,"max-height":1054},{"type":"text","id":"block_item_1_title","label":"Title"},{"type":"textarea","id":"block_item_1_desc","label":"Description"},{"type":"text","id":"block_item_1_link","label":"Video link"},{"type":"paragraph","content":"Block #2"},{"type":"checkbox","id":"show_block_item_2","label":"Show?","default":true},{"type":"image","id":"block-item-2.jpg","label":"Image","max-width":877,"max-height":527},{"type":"image","id":"block-item-2-2x.jpg","label":"Image2x","max-width":1754,"max-height":1054},{"type":"text","id":"block_item_2_title","label":"Title"},{"type":"textarea","id":"block_item_2_desc","label":"Description"},{"type":"text","id":"block_item_2_link","label":"Video link"},{"type":"paragraph","content":"Block #3"},{"type":"checkbox","id":"show_block_item_3","label":"Show?","default":true},{"type":"image","id":"block-item-3.jpg","label":"Image","max-width":877,"max-height":527},{"type":"image","id":"block-item-3-2x.jpg","label":"Image2x","max-width":1754,"max-height":1054},{"type":"text","id":"block_item_3_title","label":"Title"},{"type":"textarea","id":"block_item_3_desc","label":"Description"},{"type":"text","id":"block_item_3_link","label":"Video link"},{"type":"paragraph","content":"Block #4"},{"type":"checkbox","id":"show_block_item_4","label":"Show?","default":true},{"type":"image","id":"block-item-4.jpg","label":"Image","max-width":877,"max-height":527},{"type":"image","id":"block-item-4-2x.jpg","label":"Image2x","max-width":1754,"max-height":1054},{"type":"text","id":"block_item_4_title","label":"Title"},{"type":"textarea","id":"block_item_4_desc","label":"Description"},{"type":"text","id":"block_item_4_link","label":"Video link"},{"type":"header","content":"Featured Restored Product"},{"type":"checkbox","id":"show_featured_product_on_homepage1","label":"Show featured product?"},{"type":"text","id":"featured_product_header1","label":"Header:","default":"Restored Classic!"},{"type":"collection","id":"home_featured_product_collection1","label":"Collection to use for featured product:"},{"type":"header","content":"Bottom link list"},{"type":"checkbox","id":"show_bottom_linklist_on_homepage","label":"Show bottom navigation?"},{"type":"link_list","id":"bottom_linklist_homepage","label":"Link list to show"},{"type":"header","content":"Footer link list"},{"type":"checkbox","id":"show_footer_linklist_on_homepage","label":"Show footer navigation?"},{"type":"link_list","id":"footer_linklist_homepage","label":"Link list to show"},{"type":"header","content":"Phone"},{"type":"checkbox","id":"show_phone_on_homepage","label":"Show phone?"},{"type":"text","id":"phone_homepage","label":"Phone"},{"type":"header","content":"Instagram embed"},{"type":"checkbox","id":"show_instagram_on_homepage","label":"Show embed?"},{"type":"textarea","id":"instagram_homepage","label":"Embed:"},{"type":"header","content":"Homepage content"},{"type":"page","id":"homepage","label":"Page to show on homepage"}]},{"name":"About Page","settings":[{"type":"paragraph","content":"Recommended dimensions of header image:"},{"type":"paragraph","content":"Image - 1742px wide x 615px tall"},{"type":"paragraph","content":"Image2x - 3484px wide x 1230px tall"},{"type":"checkbox","id":"show_about_image","label":"Show header image?"},{"type":"image","id":"about-page-img.jpg","label":"Image","max-width":1742,"max-height":615},{"type":"image","id":"about-page-img2x.jpg","label":"Image2x","max-width":3484,"max-height":1230},{"type":"text","id":"about_page_image_alt","label":"Alt"},{"type":"checkbox","id":"show_about_blocks","label":"Show blocks?"},{"type":"paragraph","content":"Block #1"},{"type":"checkbox","id":"show_about_block_item_1","label":"Show?","default":true},{"type":"text","id":"block_about_item_1_title","label":"Title"},{"type":"textarea","id":"block_about_item_1_content","label":"Content"},{"type":"paragraph","content":"Block #2"},{"type":"checkbox","id":"show_about_block_item_2","label":"Show?","default":true},{"type":"text","id":"block_about_item_2_title","label":"Title"},{"type":"textarea","id":"block_about_item_2_content","label":"Content"},{"type":"paragraph","content":"Block #3"},{"type":"checkbox","id":"show_about_block_item_3","label":"Show?","default":true},{"type":"text","id":"block_about_item_3_title","label":"Title"},{"type":"textarea","id":"block_about_item_3_content","label":"Content"},{"type":"header","content":"Team"},{"type":"paragraph","content":"Recommended dimensions of images:"},{"type":"paragraph","content":"Image - 350px wide x 505px tall"},{"type":"paragraph","content":"Image2x - 700px wide x 1010px tall"},{"type":"paragraph","content":"Leave the \"Link to\" field empty for no link."},{"type":"checkbox","id":"show_team_block","label":"Show block?"},{"type":"text","id":"team_header","label":"Heading for that section","default":"TEAM"},{"type":"paragraph","content":"Block #1"},{"type":"checkbox","id":"show_team_item_1","label":"Show?","default":true},{"type":"image","id":"team-item-1.jpg","label":"Image","max-width":350,"max-height":505},{"type":"image","id":"team-item-1-2x.jpg","label":"Image2x","max-width":700,"max-height":1010},{"type":"text","id":"team_item_1_name","label":"Name"},{"type":"text","id":"team_item_1_position","label":"Position"},{"type":"text","id":"team_item_1_link","label":"Link to"},{"type":"paragraph","content":"Block #2"},{"type":"checkbox","id":"show_team_item_2","label":"Show?","default":true},{"type":"image","id":"team-item-2.jpg","label":"Image","max-width":350,"max-height":505},{"type":"image","id":"team-item-2-2x.jpg","label":"Image2x","max-width":700,"max-height":1010},{"type":"text","id":"team_item_2_name","label":"Name"},{"type":"text","id":"team_item_2_position","label":"Position"},{"type":"text","id":"team_item_2_link","label":"Link to"},{"type":"paragraph","content":"Block #3"},{"type":"checkbox","id":"show_team_item_3","label":"Show?","default":true},{"type":"image","id":"team-item-3.jpg","label":"Image","max-width":350,"max-height":505},{"type":"image","id":"team-item-3-2x.jpg","label":"Image2x","max-width":700,"max-height":1010},{"type":"text","id":"team_item_3_name","label":"Name"},{"type":"text","id":"team_item_3_position","label":"Position"},{"type":"text","id":"team_item_3_link","label":"Link to"},{"type":"paragraph","content":"Block #4"},{"type":"checkbox","id":"show_team_item_4","label":"Show?","default":true},{"type":"image","id":"team-item-4.jpg","label":"Image","max-width":350,"max-height":505},{"type":"image","id":"team-item-4-2x.jpg","label":"Image2x","max-width":700,"max-height":1010},{"type":"text","id":"team_item_4_name","label":"Name"},{"type":"text","id":"team_item_4_position","label":"Position"},{"type":"text","id":"team_item_4_link","label":"Link to"},{"type":"paragraph","content":"Block #5"},{"type":"checkbox","id":"show_team_item_5","label":"Show?","default":true},{"type":"image","id":"team-item-5.jpg","label":"Image","max-width":350,"max-height":505},{"type":"image","id":"team-item-5-2x.jpg","label":"Image2x","max-width":700,"max-height":1010},{"type":"text","id":"team_item_5_name","label":"Name"},{"type":"text","id":"team_item_5_position","label":"Position"},{"type":"text","id":"team_item_5_link","label":"Link to"},{"type":"paragraph","content":"Block #6"},{"type":"checkbox","id":"show_team_item_6","label":"Show?","default":true},{"type":"image","id":"team-item-6.jpg","label":"Image","max-width":350,"max-height":505},{"type":"image","id":"team-item-6-2x.jpg","label":"Image2x","max-width":700,"max-height":1010},{"type":"text","id":"team_item_6_name","label":"Name"},{"type":"text","id":"team_item_6_position","label":"Position"},{"type":"text","id":"team_item_6_link","label":"Link to"}]},{"name":"Product Page","settings":[{"type":"header","content":"Quantity Box"},{"type":"checkbox","id":"display_quantity_display","label":"Display Quantity Box?"},{"type":"radio","id":"display_quantity_dropdown","options":[{"value":"dropdown","label":"Drop down"},{"value":"field","label":"Text field"}]},{"type":"header","content":"Inventory"},{"type":"checkbox","id":"display_inventory_box","label":"Display inventory quantities?"},{"type":"header","content":"Contact to Order Button"},{"type":"checkbox","id":"show_contact_to_order","label":"Show Button?"},{"type":"text","id":"contact_to_order_email","label":"Contact Email"},{"type":"header","content":"Related products"},{"type":"checkbox","id":"show_related_products","label":"Display related products?"},{"type":"text","id":"related_products_header","label":"Heading for that section","default":"Related products"},{"type":"select","id":"related_products_limit","label":"Maximum number of items to show:","options":[{"value":"1","label":"1"},{"value":"2","label":"2"},{"value":"3","label":"3"},{"value":"4","label":"4"},{"value":"5","label":"5"},{"value":"6","label":"6"},{"value":"7","label":"7"},{"value":"8","label":"8"},{"value":"9","label":"9"},{"value":"10","label":"10"}],"default":"1"},{"type":"header","content":"Related products (enhanced)"},{"type":"checkbox","id":"show_related_products_enhanced","label":"Display related products?"},{"type":"text","id":"related_products_enhanced_header","label":"Heading for that section","default":"Related products"},{"type":"select","id":"related_products_enhanced_limit","label":"Maximum number of items to show:","options":[{"value":"1","label":"1"},{"value":"2","label":"2"},{"value":"3","label":"3"},{"value":"4","label":"4"},{"value":"5","label":"5"},{"value":"6","label":"6"},{"value":"7","label":"7"},{"value":"8","label":"8"},{"value":"9","label":"9"},{"value":"10","label":"10"}],"default":"1"}]},{"name":"Collection Page","settings":[{"type":"checkbox","id":"collection_sort_by","label":"Show \"Sort by\" product filter?"},{"type":"checkbox","id":"collection_tags","label":"Show \"Browse by\" product tag filter?"},{"type":"checkbox","id":"collection_desc","label":"Show collection description?"},{"type":"checkbox","id":"use_ajax_loading_products","label":"Loading products with AJAX?"},{"type":"text","id":"pagination_limit","label":"Number of products per page","default":"9"}]},{"name":"Blog Page","settings":[{"type":"text","id":"blog_pagination_limit","label":"Number of posts per page","default":"3"},{"type":"checkbox","id":"use_ajax_loading_posts","label":"Loading posts with AJAX?","default":true}]},{"name":"Search Page","settings":[{"type":"checkbox","id":"show_only_products_on_searchpage","label":"Return only products in storefront search results?"}]},{"name":"Footer","settings":[{"type":"header","content":"Top Menus"},{"type":"checkbox","id":"show_footer_linklist1","label":"Show footer menu 1?"},{"type":"link_list","id":"footer_linklist11","label":"Menu 1"},{"type":"checkbox","id":"show_footer_linklist2","label":"Show footer menu 2?"},{"type":"link_list","id":"footer_linklist12","label":"Menu 2"},{"type":"checkbox","id":"show_footer_linklist3","label":"Show footer menu 3?"},{"type":"link_list","id":"footer_linklist13","label":"Menu 3"},{"type":"checkbox","id":"show_footer_linklist4","label":"Show footer menu 4?"},{"type":"link_list","id":"footer_linklist14","label":"Menu 4"},{"type":"checkbox","id":"show_footer_linklist5","label":"Show footer menu 5?"},{"type":"link_list","id":"footer_linklist15","label":"Menu 5"},{"type":"header","content":"Services"},{"type":"paragraph","content":"Recommended dimensions of service image:"},{"type":"paragraph","content":"Image - 1382px wide x 249px tall"},{"type":"paragraph","content":"Image2x - 2764px wide x 498px tall"},{"type":"paragraph","content":"Leave the \"Link to\" field empty for no link."},{"type":"checkbox","id":"show_service_blocks","label":"Show block?"},{"type":"image","id":"service-block-img.jpg","label":"Image","max-width":1382,"max-height":249},{"type":"image","id":"service-block-img2x.jpg","label":"Image2x","max-width":2764,"max-height":498},{"type":"text","id":"service_block_alt","label":"Alt"},{"type":"paragraph","content":"Block #1"},{"type":"checkbox","id":"show_service_block_item_1","label":"Show?","default":true},{"type":"text","id":"service_block_item_1_link_text","label":"Link text","default":"learn more »"},{"type":"text","id":"service_block_item_1_link","label":"Link to"},{"type":"paragraph","content":"Block #2"},{"type":"checkbox","id":"show_service_block_item_2","label":"Show?","default":true},{"type":"text","id":"service_block_item_2_link_text","label":"Link text","default":"learn more »"},{"type":"text","id":"service_block_item_2_link","label":"Link to"},{"type":"paragraph","content":"Block #3"},{"type":"checkbox","id":"show_service_block_item_3","label":"Show?","default":true},{"type":"text","id":"service_block_item_3_link_text","label":"Link text","default":"learn more »"},{"type":"text","id":"service_block_item_3_link","label":"Link to"},{"type":"header","content":"Link list (Column 1)"},{"type":"checkbox","id":"show_linklist_on_footer","label":"Show footer navigation?"},{"type":"text","id":"footer_linklist_title","label":"Footer navigation label","default":"OUR COMPANY"},{"type":"link_list","id":"footer_linklist","label":"Link list to show"},{"type":"header","content":"Link list (Column 2)"},{"type":"checkbox","id":"show_linklist_on_footer2","label":"Show footer navigation?"},{"type":"text","id":"footer_linklist_title2","label":"Footer navigation label","default":"THE LOW-DOWN"},{"type":"link_list","id":"footer_linklist2","label":"Link list to show"},{"type":"header","content":"Link list (Column 3)"},{"type":"checkbox","id":"show_linklist_on_footer3","label":"Show footer navigation?"},{"type":"text","id":"footer_linklist_title3","label":"Footer navigation label","default":"RESOURCES"},{"type":"link_list","id":"footer_linklist3","label":"Link list to show"},{"type":"header","content":"Contacts"},{"type":"checkbox","id":"show_contacts_on_footer","label":"Show contacts?"},{"type":"text","id":"footer_contacts_title","label":"Heading","default":"CONTACT US"},{"type":"text","id":"footer_phone","label":"Phone"},{"type":"text","id":"footer_mail","label":"Email"},{"type":"header","content":"Newsletter"},{"type":"checkbox","id":"footer_display_newsletter","label":"Show newsletter?"},{"type":"text","id":"footer_newsletter_title","label":"Newsletter title","default":"Newsletter"},{"type":"text","id":"mailing_list_form_action","label":"Mailchimp form action URL","info":"[Where do I find my Mailchimp form action URL?](http:\/\/support.shopify.com\/customer\/portal\/articles\/640278)"}]},{"name":"Money Options","settings":[{"type":"checkbox","id":"show_multiple_currencies","label":"Show currency selector?"},{"type":"paragraph","content":"Although you will be able to display prices on your store front in different currencies, Shopify will still process orders in your shop's currency."},{"type":"select","id":"currency_format","label":"Money format","options":[{"value":"money_format","label":"Without Currency, ex: $10.00"},{"value":"money_with_currency_format","label":"With Currency, ex: $10 CAD"}],"default":"money_with_currency_format"},{"type":"text","id":"supported_currencies","label":"Currencies you wish to support","default":"CAD USD"},{"type":"text","id":"default_currency","label":"Default currency","default":"CAD"},{"type":"paragraph","content":"Separate your currency codes with a space. Use the ISO 4217 3-letter currency code. Click [here](http:\/\/www.xe.com\/iso4217.php) for a complete list of currency codes. Example: CAD USD."},{"type":"paragraph","content":"* For this functionality to work in your shop, you are required to edit your money formats as per [these instructions](http:\/\/wiki.shopify.com\/Do_Tell_Where_The_Money_Is) (“Do tell where the money is”)."}]},{"name":"Newsletter Popup","settings":[{"type":"paragraph","content":"To test this feature, set the number of days until the popup is displayed again to 0."},{"type":"checkbox","id":"newsletter_popup","label":"Popup Enabled?"},{"type":"checkbox","id":"newsletter_popup_form","label":"Display Newsletter Form?","default":true},{"type":"radio","id":"newsletter_system","label":"Newsletter System","options":[{"value":"shopify","label":"Shopify"},{"value":"mailchimp","label":"[MailChimp](http:\/\/mailchimp.com\/)"}]},{"type":"text","id":"mailchimp_link","label":"MailChimp Form Action URL ([?](http:\/\/support.outofthesandbox.com\/customer\/portal\/articles\/942352))"},{"type":"page","id":"newsletter_popup_page","label":"Popup Content Page"},{"type":"text","id":"newsletter_popup_max_width","label":"Popup Maximum Width","default":"600"}]},{"name":"Scrolling","settings":[{"type":"header","content":"Chrome (Windows)"},{"type":"checkbox","id":"chrome_win_smooth_scroll_eneble","label":"Enable smooth scrolling?"},{"type":"text","id":"chrome_win_smooth_scroll_time","label":"Enter scroll time, i.e. seconds it takes to travel scroll distance (default: 0.2 )"},{"type":"text","id":"chrome_win_smooth_scroll_distance","label":"Enter scroll distance, use smaller value for shorter scroll and greater value for longer scroll (default: 100 )"}]}]