{"current":{"use_logo":true,"use_favicon":true,"use_slogan":true,"slogan":"Receive <mark>FREE SHIPPING<\/mark> on US orders over <mark>$120<\/mark><a href=\"http:\/\/www.vintagevibe.com\/pages\/shipping\">*<\/a>","show_top_linklist_on_header":true,"header_top_linklist":"","show_linklist_on_header":true,"header_linklist":"main-menu","show_secondary_linklist_on_header":true,"header_secondary_linklist":"catalog","show_social_on_header":true,"facebook_link":"http:\/\/facebook.com\/vintagevibeepc","youtube_link":"https:\/\/www.youtube.com\/user\/vintagevibekeyboards","twitter_link":"http:\/\/twitter.com\/vintagevibekeys","instagram_link":"http:\/\/instagram.com\/vintagevibe","show_carousel":true,"show_carousel_dots":true,"show_carousel_item_1":false,"carousel_item_1_order":"4","show_carousel_item_1_video":false,"carousel_item_1_video_link":"","carousel_item_1_link_text":"","carousel_item_1_link":"","carousel_item_1_alt":"","show_carousel_item_2":true,"carousel_item_2_order":"5","show_carousel_item_2_video":true,"carousel_item_2_video_link":"https:\/\/player.vimeo.com\/video\/129562590","carousel_item_2_link_text":"Watch","carousel_item_2_link":"","carousel_item_2_alt":"","show_carousel_item_3":false,"carousel_item_3_order":"6","show_carousel_item_3_video":false,"carousel_item_3_video_link":"","carousel_item_3_link_text":"Get Funky","carousel_item_3_link":"\/pages\/vintage-vibe-piano","carousel_item_3_alt":"","show_carousel_item_4":false,"carousel_item_4_order":"7","show_carousel_item_4_video":false,"carousel_item_4_video_link":"","carousel_item_4_link_text":"Vintage Vibe Piano | FAQ","carousel_item_4_link":"\/blogs\/news\/19324867-vintage-vibe-piano-faq","carousel_item_4_alt":"","show_carousel_item_5":false,"carousel_item_5_order":"8","show_carousel_item_5_video":false,"carousel_item_5_video_link":"","carousel_item_5_link_text":"Learn More About Our New Cabinets","carousel_item_5_link":"\/pages\/vintage-vibe-piano","carousel_item_5_alt":"","show_carousel_item_6":true,"carousel_item_6_order":"9","show_carousel_item_6_video":false,"carousel_item_6_video_link":"","carousel_item_6_link_text":"Take a look","carousel_item_6_link":"\/blogs\/news\/20220547-vintage-vibe-pianos-under-the-hood","carousel_item_6_alt":"","show_carousel_item_7":false,"carousel_item_7_order":"5","show_carousel_item_7_video":false,"carousel_item_7_video_link":"","carousel_item_7_link_text":"Purchase now!","carousel_item_7_link":"\/collections\/tinetime","carousel_item_7_alt":"","show_carousel_item_8":false,"carousel_item_8_order":"2","show_carousel_item_8_video":false,"carousel_item_8_video_link":"","carousel_item_8_link_text":"Pianos Sale","carousel_item_8_link":"\/collections\/vintage-vibe-pianos","carousel_item_8_alt":"","show_carousel_item_9":true,"carousel_item_9_order":"1","show_carousel_item_9_video":false,"carousel_item_9_video_link":"","carousel_item_9_link_text":"","carousel_item_9_link":"","carousel_item_9_alt":"<Electric Pianos\/The Vibanet>","show_carousel_item_10":false,"carousel_item_10_order":"10","show_carousel_item_10_video":false,"carousel_item_10_video_link":"","carousel_item_10_link_text":"","carousel_item_10_link":"","carousel_item_10_alt":"","show_featured_product_on_homepage":true,"featured_product_header":"New!","home_featured_product_collection":"new-product-home-page","show_featured_products_on_homepage":true,"home_featured_collection":"home-featured-products","home_products_limit":"6","show_featured_blocks":true,"show_block_item_1":true,"block_item_1_title":"Christian McBride: VV73","block_item_1_desc":"Christian plays his VV73!","block_item_1_link":"https:\/\/www.youtube.com\/embed\/eFO8hN3kZOg","show_block_item_2":true,"block_item_2_title":"Frank Montis: VV44","block_item_2_desc":"Watch Frank Montis rock his VV44!","block_item_2_link":"https:\/\/player.vimeo.com\/video\/180303828","show_block_item_3":false,"block_item_3_title":"Richie Kotzen","block_item_3_desc":"Richie's latest music video featuring a VV piano!","block_item_3_link":"https:\/\/www.youtube.com\/embed\/xadU5I4DJCI","show_block_item_4":true,"block_item_4_title":"More Vids","block_item_4_desc":"Need help restoring your electric pianos? Check out our videos for tips from the pros!","block_item_4_link":"http:\/\/www.vintagevibe.com\/pages\/videos","show_featured_product_on_homepage1":true,"featured_product_header1":"Restored Classic!","home_featured_product_collection1":"electric-pianos","show_bottom_linklist_on_homepage":true,"bottom_linklist_homepage":"bottom-icon-menu","show_footer_linklist_on_homepage":true,"footer_linklist_homepage":"upper-footer","show_phone_on_homepage":false,"phone_homepage":"973-989-2178","show_instagram_on_homepage":true,"instagram_homepage":"<div data-is data-is-access-token=\"29777823.745c638.d6278ef687bf46c58a38caaac9e71083\" data-is-source=\"@vintagevibe\" data-is-columns=\"6\" data-is-rows=\"1\" data-is-responsive=\"%7B%22767%22%3A%7B%22columns%22%3A%223%22%2C%22rows%22%3A%222%22%2C%22gutter%22%3A%220%22%7D%2C%221024%22%3A%7B%22columns%22%3A%224%22%2C%22rows%22%3A%221%22%2C%22gutter%22%3A%220%22%7D%7D\" data-is-auto=\"5000\" data-is-color-gallery-bg=\"rgba(0, 0, 0, 0.9)\" data-is-color-gallery-overlay=\"rgba(28, 27, 27, 0.9)\" data-is-color-gallery-arrows=\"rgb(176, 176, 176)\" data-is-color-gallery-arrows-hover=\"rgb(255, 255, 255)\" data-is-color-popup-overlay=\"rgba(0, 0, 0, 0.9)\" data-is-color-popup-bg=\"rgb(49, 49, 49)\" data-is-color-popup-username=\"rgb(30, 136, 241)\" data-is-color-popup-username-hover=\"rgb(73, 184, 255)\" data-is-color-popup-instagram-link=\"rgb(30, 136, 241)\" data-is-color-popup-instagram-link-hover=\"rgb(73, 184, 255)\" data-is-color-popup-counters=\"rgb(255, 255, 255)\" data-is-color-popup-anchor=\"rgb(30, 136, 241)\" data-is-color-popup-anchor-hover=\"rgb(73, 184, 255)\" data-is-color-popup-text=\"rgb(255, 255, 255)\" data-is-color-popup-controls=\"rgb(74, 74, 74)\" data-is-color-popup-controls-hover=\"rgb(188, 188, 188)\" data-is-color-popup-mobile-controls=\"rgb(74, 74, 74)\"><\/div>","homepage":"","show_about_image":true,"about_page_image_alt":"About Us","show_about_blocks":true,"show_about_block_item_1":true,"block_about_item_1_title":"MISSION","block_about_item_1_content":"<h2>We take your piano to places others simply cannot go<\/h2>\r\n<p>Vintage Vibe is an electric piano retailer and restoration and repair shop. We draw inspiration from the  classic electric pianos of the 1970’s and mix that with our own passion and experience to create a piano that looks beautiful and sounds even better. <\/p>\r\n<p>Our focus is in quality over quantity. We only work on three types of pianos – Rhodes, Wurlitzers and Clavinets – and that means we are in a position to be experts in our field. That focus, along with over 15 years of learning, tweaking, and perfecting our craft ensures that every piano that goes out the door is  of the absolute highest quality.<\/p>\r\n<p>In addition to repairs, we are also the leading manufacturer and supplier of after-market parts for each of these three pianos to ensure that every part we use and sell meets our standard. Every piece that comes out of our shop – power supplies, reeds, pedals, keys, and tines to name a few – is of the highest quality, and having that kind of inventory means you’re not stuck waiting for your piano while a part is in the mail.<\/p>\r\n<p>Our headquarters has been designed to ensure that every piano gets the attention and love it deserves. Before we begin assembling a piano, every piece of wood and metal that goes into it is cut and formed in our fabrication shop. Once every piece is ready, the piano is hand-assembled on our main floor. Finally, the piano moves to the tuning room where it is carefully fine-tuned and voiced. <\/p>\r\n<p>By being hands-on in every step of the process from construction and assembly to tuning and polishing, we ensure that every piano meets our standard of excellence. Every detail matters to us because that is what our customers expect and deserve.<\/p>","show_about_block_item_2":true,"block_about_item_2_title":"VALUES","block_about_item_2_content":"<h2>Making our small world a closer community<\/h2>\r\n<p>We believe that Vintage Vibe should be more than just a for-profit company. Our customers have given us the privilege of doing what we love, and the joy that we feel for giving back keeps us balanced.<\/p>\r\n<p>Our passion is making exquisite electric pianos. Our purpose is sharing our knowledge with anyone interested in learning and giving back to those less fortunate than ourselves.<\/p>\r\n<p>That’s why a portion of profits earned by Vintage Vibe goes to charities and non-profit organizations. We want to make a difference in the world through our conscious business practices and to build a closer community of musicians and friends who share the idea that we can make difference by helping others.<\/p>\r\n<p>We also believe that our responsibility to you, the customer, does not end when your Vintage Vibe piano leaves our shop. We’ve created a YouTube series dedicated to guiding you through an installation process and sharing tips to help you get the most out of your instrument, and our experts are always happy to answer questions both on the phone and on our Facebook page.<\/p>\r\n<p>Above all else, we want to provide the best experience for you. You are in the family, and you should feel like you’re family. We do our best to look out for family.<\/p>","show_about_block_item_3":true,"block_about_item_3_title":"HISTORY","block_about_item_3_content":"<h2>Realizing the future only the past could dream of<\/h2>\r\n<p>Our story begins in 1997 when founder Chris Carroll opened Vintage Vibe in New York City. Back then Chris specialized in renting out pianos to recording studios around the city, but he soon grew tired of the noise and crowds of the Big Apple and moved to the quieter confines of New Jersey. No longer content with just renting out pianos, he converted his new garage into a space for building and repairing the instruments he loved.<\/p>\r\n<p>It wasn’t long before the music world took notice of the quality of piano coming out of that garage, and Chris quickly realized that demand was going to outpace his little shop. He began assembling a team whose expertise was only surpassed by their passion and attention to detail, and then moved the entire operation into a 6,500 square-foot facility in Rockaway, NJ that Vintage Vibe still calls home to this day.<\/p>\r\n<p> In the years since that move, Vintage Vibe has become the leading electro-mechanical piano builder in the world, and the go-to source for Rhodes, Wurlitzer, and Clavinet piano repairs. We are also the largest manufacturer of aftermarket parts in the world – everything from bodies and keys to tines and strings - which puts us in the best position to thoroughly restore your piano to a pristine condition.<\/p>\r\n<p>Vintage Vibe currently has a team of 10 master technicians, fabricators, and assemblers and each member of our team is  driven by our love and dedication to making the finest pianos in the world. The products of our passion are on proud display in Vintage Vibe’s on-site showroom and on concert stages across the globe with  bands like Lynryd Skynrd and Bon Iver. We are here to go beyond expectations and offer back the abundance we have been given. <\/p>","show_team_block":true,"team_header":"TEAM","show_team_item_1":true,"team_item_1_name":"CHRIS","team_item_1_position":"President + Master Tech","team_item_1_link":"#","show_team_item_2":true,"team_item_2_name":"JON","team_item_2_position":"Lead Master Tech","team_item_2_link":"#","show_team_item_3":true,"team_item_3_name":"ADAM","team_item_3_position":"Head Fabricator + Wurlitzer Tech","team_item_3_link":"#","show_team_item_4":true,"team_item_4_name":"JAMES","team_item_4_position":"Electronics Technician","team_item_4_link":"#","show_team_item_5":true,"team_item_5_name":"GREG","team_item_5_position":"Assembly & Technician","team_item_5_link":"#","show_team_item_6":true,"team_item_6_name":"ERICK","team_item_6_position":"Head of System Operations & Customer Relations and Video Editor","team_item_6_link":"#","display_quantity_display":true,"display_quantity_dropdown":"dropdown","display_inventory_box":false,"show_contact_to_order":true,"contact_to_order_email":"chris@vintagevibe.com","show_related_products":true,"related_products_header":"Related Products","related_products_limit":"6","show_related_products_enhanced":false,"related_products_enhanced_header":"View More Vintage Restorations","related_products_enhanced_limit":"5","collection_sort_by":false,"collection_tags":false,"collection_desc":false,"use_ajax_loading_products":true,"pagination_limit":"10","blog_pagination_limit":"25","use_ajax_loading_posts":true,"show_only_products_on_searchpage":true,"show_footer_linklist1":true,"footer_linklist11":"customer-care","show_footer_linklist2":true,"footer_linklist12":"resources","show_footer_linklist3":true,"footer_linklist13":"media","show_footer_linklist4":true,"footer_linklist14":"popular","show_footer_linklist5":true,"footer_linklist15":"about-us","show_service_blocks":true,"service_block_alt":"Services","show_service_block_item_1":true,"service_block_item_1_link_text":"Our Story","service_block_item_1_link":"\/pages\/about-us","show_service_block_item_2":true,"service_block_item_2_link_text":"International Shipping","service_block_item_2_link":"\/pages\/international-shipping","show_service_block_item_3":true,"service_block_item_3_link_text":"Service Manuals","service_block_item_3_link":"\/pages\/service-manuals","show_linklist_on_footer":false,"footer_linklist_title":"OUR COMPANY","footer_linklist":"footer","show_linklist_on_footer2":true,"footer_linklist_title2":"THE LOW-DOWN","footer_linklist2":"the-low-down","show_linklist_on_footer3":true,"footer_linklist_title3":"RESOURCES","footer_linklist3":"resources","show_contacts_on_footer":true,"footer_contacts_title":"CONTACT US","footer_phone":"971 822 8222","footer_mail":"&#072;&#069;&#076;&#076;&#079;&#064;&#086;&#073;&#078;&#084;&#065;&#071;&#069;&#086;&#073;&#066;&#069;&#046;&#067;&#079;&#077;","footer_display_newsletter":true,"footer_newsletter_title":"JOIN NEWSLETTER:","mailing_list_form_action":"\/\/website.us3.list-manage.com\/subscribe\/post?u=d76995a5e0497c88550e2f3f2&amp;id=b874423e03","show_multiple_currencies":true,"currency_format":"money_with_currency_format","supported_currencies":"USD GBP EUR CAD","default_currency":"USD","newsletter_popup":false,"newsletter_popup_form":false,"newsletter_system":"shopify","mailchimp_link":"\/\/website.us3.list-manage.com\/subscribe\/post?u=d76995a5e0497c88550e2f3f2&amp;id=b874423e03","newsletter_popup_page":"newsletter-sign-up","newsletter_popup_max_width":"400","chrome_win_smooth_scroll_eneble":true,"chrome_win_smooth_scroll_time":"0.3","chrome_win_smooth_scroll_distance":"100","checkout_use_header_image":false,"checkout_header_image":"","checkout_logo":"logo.png","checkout_use_storefront_logo":"true","checkout_logo_image":"shopify:\/\/shop_images\/checkout_logo_53.png","checkout_logo_position":"left","checkout_logo_size":"medium","checkout_use_body_background_image":false,"checkout_body_background_image":"","checkout_body_background_color":"#fff","checkout_input_background_color_mode":"white","checkout_use_sidebar_background_image":false,"checkout_sidebar_background_image":"","checkout_sidebar_background_color":"#fafafa","checkout_heading_font":"Helvetica Neue","checkout_body_font":"Helvetica Neue","checkout_accent_color":"#2a9dcc","checkout_button_color":"#2a9dcc","checkout_error_color":"#ff6d6d","chrome_win_scroll_fix_eneble":true,"chrome_win_scroll_fix_time":"0.2","chrome_win_scroll_fix_distance":"100","checkout_banner_background_color":"#ffffff","checkout_headline":"","checkout_call_to_action_color":"#8fc243","customer_layout":"theme","newsletter_popup_seconds":"2","newsletter_popup_days":"30","block_item_1_link_text":"Custom Electronics","block_item_1_alt":"","block_item_2_link_text":"VV Electric Pianos","block_item_2_alt":"","block_item_3_link_text":"Restored Electric","block_item_3_alt":"","featured_products_header":"New Products","show_featured_products_on_homepage2":"true","featured_products_header2":"Best Sellers","home_featured_collection2":"best-sellers","home_products_limit2":"4","show_social_on_footer":"true","service_block_item_1_alt":"International Shipping","service_block_item_2_alt":"About us","service_block_item_3_alt":"Service Manuals","footer_social_header":"Follow us","google_link":"","vimeo_link":"","pinterest_link":"","tumblr_link":"","atom_link":""}}